<AnalysisScenario id="AS1" includes="AS3.xml">
    <Step id="1" name="collection of measures" supervisedBy="Client company">
        <Task id="1" name="internal temperature sensors data collection" />
        <Task id="2" name="external temperature sensors data collection" />
        <Task id="3" name="Displacements comparators data collection" />
        <Task id="4" name="Data shaping - internal temperatures" />
        <Task id="5" name="Data shaping - external temperatures" />
        <Task id="6" name="Data shaping - displacements" />
    </Step>
    <Step id="2" name="interpolation of measures" supervisedBy="OEM">
        <Task id="1" name="Timestamp alignment" />
        <Task id="2" name="Linear interpolation - external temperatures" />
        <Task id="3" name="Linear interpolation - displacements" />
        <Task id="4" name="merge internal and external temperatures datasets" />
    </Step>
    <Step id="3" name="features selection" supervisedBy="OEM">
        <Task id="1" name="internal and external temperatures features selection with factor analysis" />
    </Step>
    <Step id="4" name="displacements prediction" supervisedBy="OEM">
		<Task id="1" name="create dataset with internal temperatures, external temperatures, displacements" />
        <Task id="2" name="train-test dataset split" />
        <Task id="3" name="regression coefficients calculation with multiple linear regression analysis (MLRA)" />
        <Task id="4" name="calculation of predicted displacements" />
    </Step>
    <Step id="5" name="comparison of predicted vs real displacements" supervisedBy="OEM">
        <Task id="1" name="calculation of pearson correlation" />
		<Task id="2" name="calculation of mean root squared error" />
    </Step>
</AnalysisScenario>